file_name,actor,duration_sec,hr_bpm,rmssd_ms,baseline_blink_rate,brow_ratio,head_jitter,pitch_mean_hz,pitch_std_hz,speech_blink_rate,hrv_subscore,voice_subscore,behavior_subscore,overall_stress_index
01-01-01-01-01-01-01.mp4,Actor_01,3.27,128.4,66.7,55.05,0.1955,117.5363,102.8,24.4,55.05,22.17,35.5,72.25,41.19
01-01-01-01-01-02-01.mp4,Actor_01,3.3,72.7,133.5,18.16,0.1985,121.5772,105.3,26.1,18.16,0.0,46.6,24.62,21.37
01-01-01-01-02-01-01.mp4,Actor_01,3.24,92.7,137.6,37.08,0.1946,120.3263,102.5,23.9,37.08,0.0,41.5,72.7,34.26
01-01-01-01-02-02-01.mp4,Actor_01,3.14,114.8,101.5,57.39,0.1958,114.2629,98.2,24.0,57.39,0.0,45.9,72.1,35.4
01-01-02-01-01-01-01.mp4,Actor_01,3.5,102.8,45.0,171.26,0.1968,119.8959,103.8,27.5,171.26,58.33,41.9,71.6,57.38
01-01-02-01-01-02-01.mp4,Actor_01,3.57,117.6,52.8,33.61,0.1987,125.2493,105.5,20.4,33.61,45.33,16.7,70.65,44.34
01-01-02-01-02-01-01.mp4,Actor_01,3.47,86.5,85.1,69.16,0.194,115.4442,99.8,16.7,69.16,0.0,20.8,73.0,28.14
01-01-02-01-02-02-01.mp4,Actor_01,3.44,139.7,66.7,52.37,0.1896,105.5233,97.2,17.8,52.37,22.17,29.0,75.2,40.13
01-01-02-02-01-01-01.mp4,Actor_01,3.67,114.4,74.6,16.35,0.199,135.4712,96.4,13.1,16.35,9.0,14.4,18.33,13.42
01-01-02-02-01-02-01.mp4,Actor_01,3.97,120.9,57.8,15.11,0.1992,123.5471,109.2,13.8,15.11,37.0,15.0,14.1,23.53
01-01-01-01-01-01-02.mp4,Actor_02,3.64,115.5,47.2,16.5,0.1938,99.123,179.3,95.7,16.5,54.67,89.2,21.43,55.06
01-01-01-01-01-02-02.mp4,Actor_02,3.6,116.6,38.5,33.3,0.1938,98.9103,213.7,96.9,33.3,69.17,90.7,73.1,76.81
01-01-01-01-02-01-02.mp4,Actor_02,3.77,127.3,47.2,15.91,0.194,99.9329,197.8,86.3,15.91,54.67,92.4,19.37,55.4
01-01-01-01-02-02-02.mp4,Actor_02,3.6,99.9,66.7,16.65,0.1965,106.6521,214.3,78.4,16.65,22.17,98.7,20.58,44.65
01-01-02-01-01-01-02.mp4,Actor_02,3.84,62.5,118.0,46.91,0.189,105.4613,201.8,69.7,46.91,0.0,97.7,75.5,51.96
01-01-02-01-01-02-02.mp4,Actor_02,4.0,104.9,94.4,59.94,0.1898,100.4956,227.1,43.4,59.94,0.0,78.9,75.1,46.2
01-01-02-01-02-01-02.mp4,Actor_02,3.84,125.1,42.2,62.55,0.1895,103.2681,218.0,28.5,62.55,63.0,54.3,75.25,64.06
01-01-02-01-02-02-02.mp4,Actor_02,3.97,60.4,33.4,0.0,0.1872,101.2548,216.9,28.8,0.0,77.67,64.2,16.4,55.25
01-01-02-02-01-01-02.mp4,Actor_02,4.14,130.5,140.6,29.0,0.1889,106.3044,210.5,58.7,29.0,0.0,95.3,65.55,48.26
01-01-02-02-01-02-02.mp4,Actor_02,4.04,74.3,118.0,29.72,0.1893,108.1064,222.0,33.6,29.72,0.0,66.6,67.75,40.3
01-01-01-01-01-01-03.mp4,Actor_03,3.44,122.2,108.6,17.46,0.2001,114.3892,147.8,46.8,17.46,0.0,85.3,21.48,32.04
01-01-01-01-01-02-03.mp4,Actor_03,3.5,85.6,150.0,0.0,0.2016,112.7461,144.5,48.9,0.0,0.0,100.0,9.2,32.76
01-01-01-01-02-01-03.mp4,Actor_03,3.5,137.0,27.2,0.0,0.2024,115.193,119.8,36.9,0.0,88.0,78.1,8.8,61.27
01-01-01-01-02-02-03.mp4,Actor_03,3.47,69.2,150.0,0.0,0.2011,110.1788,126.6,39.5,0.0,0.0,89.1,9.45,29.56
01-01-02-01-01-01-03.mp4,Actor_03,3.84,156.4,53.8,0.0,0.2051,113.0417,111.2,21.2,0.0,43.67,36.2,7.45,30.56
01-01-02-01-01-02-03.mp4,Actor_03,3.74,128.4,52.8,0.0,0.2003,111.0313,113.5,15.7,0.0,45.33,23.8,9.85,28.23
01-01-02-01-02-01-03.mp4,Actor_03,3.84,62.5,0.0,15.64,0.2043,128.8347,104.5,14.9,15.64,100.0,40.0,13.32,55.99
01-01-02-01-02-02-03.mp4,Actor_03,3.97,60.4,150.0,15.11,0.2061,124.7823,151.4,18.8,15.11,0.0,41.2,10.65,15.55
01-01-02-02-01-01-03.mp4,Actor_03,4.04,74.3,33.4,14.86,0.2,125.2692,267.3,229.8,14.86,77.67,93.7,12.87,63.04
01-01-02-02-01-02-03.mp4,Actor_03,3.97,136.0,60.2,15.11,0.2006,118.7601,418.3,591.3,15.11,33.0,100.0,13.4,47.22
01-01-01-01-01-01-04.mp4,Actor_04,3.3,90.8,66.7,108.98,0.2234,122.4657,237.4,72.2,108.98,22.17,84.7,60.0,52.28
01-01-01-01-01-02-04.mp4,Actor_04,3.37,106.8,72.1,53.41,0.224,123.4702,238.6,61.1,53.41,13.17,91.9,60.0,50.84
01-01-01-01-02-01-04.mp4,Actor_04,3.27,128.4,78.3,55.05,0.2275,122.4019,221.2,49.8,55.05,2.83,81.5,60.0,43.58
01-01-01-01-02-02-04.mp4,Actor_04,3.24,166.8,47.2,74.15,0.2252,126.1333,212.6,44.6,74.15,54.67,84.1,60.0,65.1
01-01-02-01-01-01-04.mp4,Actor_04,3.8,157.7,44.1,110.42,0.2205,118.7445,230.2,49.6,110.42,59.83,89.9,60.0,68.9
01-01-02-01-01-02-04.mp4,Actor_04,3.74,112.4,33.4,96.33,0.223,131.4556,242.2,44.9,96.33,77.67,87.7,60.0,75.38
01-01-02-01-02-01-04.mp4,Actor_04,3.64,82.5,105.5,65.99,0.2239,134.1376,224.1,33.1,65.99,0.0,60.9,60.0,36.27
01-01-02-01-02-02-04.mp4,Actor_04,3.57,84.0,45.0,67.22,0.2202,127.5258,239.1,31.1,67.22,58.33,72.2,60.0,62.99
01-01-02-02-01-01-04.mp4,Actor_04,3.97,75.6,81.7,45.33,0.2188,141.444,243.7,39.0,45.33,0.0,71.8,60.6,39.72
01-01-02-02-01-02-04.mp4,Actor_04,3.8,110.4,45.0,63.09,0.2159,125.7767,313.5,130.5,63.09,58.33,100.0,62.05,71.95
01-01-01-01-01-01-05.mp4,Actor_05,3.6,116.6,100.1,0.0,0.2048,122.779,127.7,15.0,0.0,0.0,36.2,7.6,13.14
01-01-01-01-01-02-05.mp4,Actor_05,3.64,82.5,150.0,0.0,0.2112,127.5909,744.8,769.0,0.0,0.0,96.4,4.4,30.24
01-01-01-01-02-01-05.mp4,Actor_05,3.1,116.0,33.4,0.0,0.2064,117.9464,818.4,749.8,0.0,77.67,100.0,6.8,63.11
01-01-01-01-02-02-05.mp4,Actor_05,3.6,66.6,47.2,0.0,0.204,124.412,108.9,16.4,0.0,54.67,41.5,8.0,36.72
01-01-02-01-01-01-05.mp4,Actor_05,4.04,89.2,0.0,89.17,0.2043,143.4106,112.4,11.5,89.17,100.0,32.3,67.85,70.04
01-01-02-01-01-02-05.mp4,Actor_05,4.1,73.1,150.0,73.1,0.1948,156.1592,107.5,8.3,73.1,0.0,34.4,72.6,32.1
01-01-02-01-02-01-05.mp4,Actor_05,4.14,58.0,63.9,72.51,0.1981,147.2661,120.9,8.5,72.51,26.83,35.9,70.95,42.79
01-01-02-01-02-02-05.mp4,Actor_05,4.24,127.4,94.4,70.8,0.2017,136.9213,113.1,16.0,70.8,0.0,42.1,69.15,33.38
01-01-02-02-01-01-05.mp4,Actor_05,4.74,114.0,103.7,63.32,0.1947,144.2584,114.1,16.6,63.32,0.0,40.7,72.65,34.01
01-01-02-02-01-02-05.mp4,Actor_05,4.5,119.9,57.8,39.96,0.2014,148.0574,114.4,16.7,39.96,37.0,42.6,69.3,48.37
01-01-01-01-01-01-06.mp4,Actor_06,3.3,72.7,33.4,18.16,0.2041,113.215,242.6,40.8,18.16,77.67,91.6,21.82,65.09
01-01-01-01-01-02-06.mp4,Actor_06,3.57,134.4,33.4,0.0,0.2056,111.68,215.2,36.1,0.0,77.67,82.3,7.2,57.92
01-01-01-01-02-01-06.mp4,Actor_06,3.37,89.0,100.1,0.0,0.2049,103.965,221.6,33.9,0.0,0.0,76.7,7.55,25.28
01-01-01-01-02-02-06.mp4,Actor_06,3.4,123.4,127.1,0.0,0.2059,107.3165,207.2,32.2,0.0,0.0,73.3,7.05,24.1
01-01-02-01-01-01-06.mp4,Actor_06,4.0,134.9,45.0,14.99,0.1996,127.9471,201.5,22.0,14.99,58.33,43.7,13.5,40.49
01-01-02-01-01-02-06.mp4,Actor_06,4.07,103.2,118.0,44.22,0.2001,134.7995,486.5,622.1,44.22,0.0,92.6,69.95,48.77
01-01-02-01-02-01-06.mp4,Actor_06,3.94,61.0,150.0,30.48,0.2006,126.8051,202.1,18.0,30.48,0.0,40.1,64.63,31.42
01-01-02-01-02-02-06.mp4,Actor_06,4.17,86.3,90.4,28.77,0.1999,95.3861,615.9,731.2,28.77,0.0,100.0,59.28,47.78
01-01-02-02-01-01-06.mp4,Actor_06,4.47,107.4,132.4,26.84,0.2,127.4979,725.9,803.3,26.84,0.0,100.0,52.8,45.84
01-01-02-02-01-02-06.mp4,Actor_06,4.6,91.2,133.5,13.03,0.1997,123.678,200.2,27.2,13.03,0.0,64.3,10.15,22.34
01-01-01-01-01-01-07.mp4,Actor_07,3.9,138.3,0.0,15.37,0.2063,115.8483,377.8,611.7,15.37,100.0,100.0,11.42,73.42
01-01-01-01-01-02-07.mp4,Actor_07,3.8,126.2,74.6,15.77,0.2059,120.8295,121.5,27.8,15.77,9.0,65.6,12.95,27.17
01-01-01-01-02-01-07.mp4,Actor_07,3.77,79.6,0.0,31.83,0.2049,114.3962,125.7,28.1,31.83,100.0,66.2,66.98,79.95
01-01-01-01-02-02-07.mp4,Actor_07,3.74,112.4,23.6,0.0,0.2064,117.4866,450.2,701.5,0.0,94.0,100.0,6.8,69.64
01-01-02-01-01-01-07.mp4,Actor_07,3.47,69.2,45.0,34.58,0.2072,123.548,102.5,25.6,34.58,58.33,47.1,66.4,57.38
01-01-02-01-01-02-07.mp4,Actor_07,3.74,80.3,98.2,64.22,0.2012,129.6208,99.5,12.8,64.22,0.0,22.3,69.4,27.51
01-01-02-01-02-01-07.mp4,Actor_07,3.5,85.6,74.6,17.13,0.2105,137.1565,114.8,20.7,17.13,9.0,41.9,15.18,20.73
01-01-02-01-02-02-07.mp4,Actor_07,3.54,101.8,45.0,0.0,0.2071,121.4175,559.5,752.6,0.0,58.33,98.6,6.45,54.85
01-01-02-02-01-01-07.mp4,Actor_07,4.0,119.9,53.8,149.85,0.2088,137.8426,451.0,698.2,149.85,43.67,100.0,65.6,67.15
01-01-02-02-01-02-07.mp4,Actor_07,3.87,93.0,84.0,108.51,0.2025,135.259,574.8,740.8,108.51,0.0,100.0,68.75,50.62
01-01-01-01-01-01-08.mp4,Actor_08,3.5,68.5,66.7,51.38,0.2327,118.6997,208.2,26.9,51.38,22.17,61.5,60.0,45.32
01-01-01-01-01-02-08.mp4,Actor_08,3.64,115.5,0.0,16.5,0.2318,114.8629,185.8,51.7,16.5,100.0,95.9,8.33,71.27
01-01-01-01-02-01-08.mp4,Actor_08,3.54,118.7,112.3,50.89,0.2331,117.341,202.1,21.7,50.89,0.0,53.4,60.0,34.02
01-01-01-01-02-02-08.mp4,Actor_08,3.5,119.9,23.6,68.5,0.2338,120.3045,169.5,53.4,68.5,94.0,93.7,60.0,83.71
01-01-02-01-01-01-08.mp4,Actor_08,3.6,133.2,43.1,66.6,0.231,99.164,189.9,47.1,66.6,61.5,98.7,60.0,72.21
01-01-02-01-01-02-08.mp4,Actor_08,3.4,141.0,55.3,52.89,0.2395,98.5742,210.2,19.1,52.89,41.17,44.7,60.0,47.88
01-01-02-01-02-01-08.mp4,Actor_08,3.47,51.9,33.4,34.58,0.2349,103.9886,186.3,34.6,34.58,77.67,77.0,60.0,72.17
01-01-02-01-02-02-08.mp4,Actor_08,3.47,69.2,45.0,69.16,0.2358,121.5204,168.2,63.0,69.16,58.33,96.0,60.0,70.13
01-01-02-02-01-01-08.mp4,Actor_08,3.64,115.5,43.1,16.5,0.2302,122.2092,174.4,56.9,16.5,61.5,100.0,8.33,57.1
01-01-02-02-01-02-08.mp4,Actor_08,3.74,112.4,100.1,32.11,0.2266,125.0309,201.2,15.8,32.11,0.0,40.2,60.0,30.06
01-01-01-01-01-01-09.mp4,Actor_09,3.24,74.2,150.0,18.54,0.2009,136.7383,85.4,14.0,18.54,0.0,15.9,24.68,12.17
01-01-01-01-01-02-09.mp4,Actor_09,3.17,75.7,100.1,0.0,0.1996,130.1496,87.0,13.1,0.0,0.0,27.3,10.2,11.25
01-01-01-01-02-01-09.mp4,Actor_09,3.3,72.7,84.0,0.0,0.1994,130.2546,85.0,16.6,0.0,0.0,29.2,10.3,11.85
01-01-01-01-02-02-09.mp4,Actor_09,3.2,74.9,33.4,18.73,0.2023,136.3872,88.0,8.9,18.73,77.67,20.1,24.62,44.48
01-01-02-01-01-01-09.mp4,Actor_09,3.3,127.1,62.4,18.16,0.1978,158.0554,87.6,15.1,18.16,29.33,30.1,24.97,28.25
01-01-02-01-01-02-09.mp4,Actor_09,3.3,90.8,137.6,36.33,0.1972,145.4599,90.1,14.4,36.33,0.0,40.0,71.4,33.42
01-01-02-01-02-01-09.mp4,Actor_09,3.44,122.2,60.9,17.46,0.2021,160.7486,92.9,20.8,17.46,31.83,44.3,20.48,32.17
01-01-02-01-02-02-09.mp4,Actor_09,3.54,67.9,0.0,16.96,0.1958,151.2262,87.9,11.4,16.96,100.0,36.5,21.97,57.54
01-01-02-02-01-01-09.mp4,Actor_09,3.3,109.0,69.5,36.33,0.2061,126.923,82.1,7.3,36.33,17.5,20.1,66.95,33.12
01-01-02-02-01-02-09.mp4,Actor_09,3.4,88.1,45.0,17.63,0.1968,128.8767,81.8,7.6,17.63,58.33,29.0,23.7,39.14
01-01-01-01-01-01-10.mp4,Actor_10,3.54,84.8,133.5,16.96,0.1989,114.0707,178.7,72.5,16.96,0.0,100.0,20.42,36.12
01-01-01-01-01-02-10.mp4,Actor_10,3.84,78.2,150.0,15.64,0.1989,118.8719,556.1,623.2,15.64,0.0,100.0,16.02,34.8
01-01-01-01-02-01-10.mp4,Actor_10,3.74,80.3,45.0,16.06,0.1979,112.0421,432.4,567.1,16.06,58.33,100.0,17.92,58.71
01-01-01-01-02-02-10.mp4,Actor_10,3.67,81.7,0.0,16.35,0.2003,113.2426,191.7,44.7,16.35,100.0,99.3,17.68,75.09
01-01-02-01-01-01-10.mp4,Actor_10,3.57,100.8,45.0,16.81,0.1949,115.9016,546.7,527.0,16.81,58.33,100.0,21.92,59.91
01-01-02-01-01-02-10.mp4,Actor_10,3.6,83.3,105.5,16.65,0.2008,96.9089,419.6,545.1,16.65,0.0,100.0,18.43,35.53
01-01-02-01-02-01-10.mp4,Actor_10,3.64,66.0,100.1,16.5,0.1945,109.1062,579.5,618.4,16.5,0.0,100.0,21.08,36.33
01-01-02-01-02-02-10.mp4,Actor_10,3.7,97.2,70.8,16.2,0.1914,117.4587,538.1,589.5,16.2,15.33,100.0,21.63,42.62
01-01-02-02-01-01-10.mp4,Actor_10,3.74,80.3,150.0,112.39,0.1914,123.4752,204.6,59.4,112.39,0.0,100.0,74.3,52.29
01-01-02-02-01-02-10.mp4,Actor_10,3.74,64.2,45.0,16.06,0.1973,145.4002,235.2,18.4,16.06,58.33,45.1,18.22,42.33
01-01-01-01-01-01-11.mp4,Actor_11,3.14,76.5,0.0,19.13,0.2079,148.8061,108.7,19.4,19.13,100.0,45.1,23.15,60.48
01-01-01-01-01-02-11.mp4,Actor_11,3.1,77.3,74.6,0.0,0.2097,149.8614,111.0,25.1,0.0,9.0,57.8,5.15,22.49
01-01-01-01-02-01-11.mp4,Actor_11,3.2,131.1,118.0,0.0,0.2086,143.639,108.1,20.8,0.0,0.0,47.6,5.7,15.99
01-01-01-01-02-02-11.mp4,Actor_11,3.17,94.6,66.7,0.0,0.2092,146.3078,104.3,21.8,0.0,22.17,49.0,5.4,25.19
01-01-02-01-01-01-11.mp4,Actor_11,3.27,146.8,33.4,18.35,0.2041,153.4219,102.4,15.7,18.35,77.67,40.8,22.45,50.04
01-01-02-01-01-02-11.mp4,Actor_11,3.34,71.9,150.0,0.0,0.2086,159.6478,98.4,12.6,0.0,0.0,32.3,5.7,11.4
01-01-02-01-02-01-11.mp4,Actor_11,3.34,89.9,100.1,0.0,0.2066,149.1464,101.4,18.6,0.0,0.0,47.1,6.7,16.14
01-01-02-01-02-02-11.mp4,Actor_11,3.67,81.7,85.1,16.35,0.2081,166.663,101.4,12.2,16.35,0.0,40.0,13.78,16.14
01-01-02-02-01-01-11.mp4,Actor_11,3.84,62.5,100.1,0.0,0.2113,150.6139,93.3,15.0,0.0,0.0,37.8,4.35,12.64
01-01-02-02-01-02-11.mp4,Actor_11,3.74,80.3,150.0,0.0,0.2089,154.2695,112.3,11.0,0.0,0.0,40.0,5.55,13.67
01-01-01-01-01-01-12.mp4,Actor_12,3.6,116.6,119.1,16.65,0.1895,109.1899,187.4,58.2,16.65,0.0,93.7,24.08,35.33
01-01-01-01-01-02-12.mp4,Actor_12,3.5,102.8,119.1,17.13,0.1886,107.375,189.4,51.1,17.13,0.0,94.0,26.13,36.04
01-01-01-01-02-01-12.mp4,Actor_12,3.57,117.6,47.2,16.81,0.1887,100.5354,183.1,51.5,16.81,54.67,100.0,25.02,59.37
01-01-01-01-02-02-12.mp4,Actor_12,3.6,83.3,100.1,16.65,0.1887,89.7828,176.3,46.1,16.65,0.0,100.0,24.48,37.34
01-01-02-01-01-01-12.mp4,Actor_12,3.84,125.1,81.7,31.27,0.1881,103.6263,209.7,48.4,31.27,0.0,93.9,73.52,50.23
01-01-02-01-01-02-12.mp4,Actor_12,3.74,48.2,150.0,16.06,0.189,107.9599,170.6,69.4,16.06,0.0,100.0,22.37,36.71
01-01-02-01-02-01-12.mp4,Actor_12,3.74,128.4,57.8,16.06,0.1848,117.7136,190.3,54.8,16.06,37.0,100.0,24.47,52.14
01-01-02-01-02-02-12.mp4,Actor_12,3.64,115.5,72.1,0.0,0.1852,111.105,187.6,51.6,0.0,13.17,100.0,17.4,40.49
01-01-02-02-01-01-12.mp4,Actor_12,3.94,91.4,33.4,30.48,0.1862,119.5782,193.8,50.1,30.48,77.67,88.8,71.83,79.26
01-01-02-02-01-02-12.mp4,Actor_12,3.74,112.4,93.2,32.11,0.1868,100.1184,183.2,59.5,32.11,0.0,98.2,76.6,52.44
01-01-01-01-01-01-13.mp4,Actor_13,3.17,132.5,47.2,37.86,0.2098,133.5298,112.3,18.5,37.86,54.67,39.9,65.1,53.37
01-01-01-01-01-02-13.mp4,Actor_13,3.2,93.7,120.3,18.73,0.2096,129.7976,114.1,18.6,18.73,0.0,39.7,20.97,18.2
01-01-01-01-02-01-13.mp4,Actor_13,3.07,78.2,33.4,39.09,0.2065,128.4995,120.4,23.9,39.09,77.67,55.5,66.75,67.74
01-01-01-01-02-02-13.mp4,Actor_13,3.14,114.8,66.7,19.13,0.2096,134.1374,120.6,22.7,19.13,22.17,55.3,22.3,32.15
01-01-02-01-01-01-13.mp4,Actor_13,3.3,127.1,88.3,18.16,0.2184,134.4179,109.7,19.9,18.16,0.0,42.8,14.67,17.24
01-01-02-01-01-02-13.mp4,Actor_13,3.17,113.6,43.1,0.0,0.2187,121.9049,111.2,19.6,0.0,61.5,45.5,0.65,38.45
01-01-02-01-02-01-13.mp4,Actor_13,3.14,57.4,0.0,0.0,0.2176,112.2427,107.7,11.8,0.0,100.0,36.7,1.2,51.37
01-01-02-01-02-02-13.mp4,Actor_13,2.94,72.0,45.0,20.43,0.2107,112.4849,108.2,16.4,20.43,58.33,42.7,26.08,43.97
01-01-02-02-01-01-13.mp4,Actor_13,3.14,114.8,70.8,38.26,0.208,104.7068,102.7,10.3,38.26,15.33,31.1,66.0,35.26
01-01-02-02-01-02-13.mp4,Actor_13,3.2,112.4,60.9,0.0,0.218,129.5924,107.5,16.0,0.0,31.83,33.1,1.0,22.96
01-01-01-01-01-01-14.mp4,Actor_14,3.44,104.7,103.7,34.92,0.2054,117.1649,187.9,84.0,34.92,0.0,88.9,67.3,46.86
01-01-01-01-01-02-14.mp4,Actor_14,3.3,72.7,66.7,18.16,0.2043,116.444,161.5,75.6,18.16,22.17,98.0,21.72,44.78
01-01-01-01-02-01-14.mp4,Actor_14,3.44,104.7,33.4,34.92,0.2055,117.6313,173.3,92.8,34.92,77.67,98.3,67.25,80.73
01-01-01-01-02-02-14.mp4,Actor_14,3.54,101.8,43.1,33.93,0.2057,121.9544,192.3,90.2,33.93,61.5,95.4,67.15,73.36
01-01-02-01-01-01-14.mp4,Actor_14,3.7,113.4,43.1,48.6,0.1945,106.2533,231.1,82.1,48.6,61.5,85.6,72.75,72.11
01-01-02-01-01-02-14.mp4,Actor_14,3.54,84.8,52.8,33.93,0.1972,92.8263,202.6,62.3,33.93,45.33,89.9,71.4,66.52
01-01-02-01-02-01-14.mp4,Actor_14,3.37,106.8,66.7,35.61,0.1922,100.2446,250.1,42.9,35.61,22.17,89.8,73.9,57.98
01-01-02-01-02-02-14.mp4,Actor_14,3.47,103.7,23.6,17.29,0.1883,93.9664,238.6,31.5,17.29,94.0,67.1,26.82,65.78
01-01-02-02-01-01-14.mp4,Actor_14,3.84,125.1,72.1,46.91,0.2018,121.5777,151.4,43.8,46.91,13.17,85.3,69.1,51.59
01-01-02-02-01-02-14.mp4,Actor_14,3.87,77.5,100.1,31.0,0.1981,109.4485,243.7,45.9,31.0,0.0,94.6,67.62,48.66
01-01-01-01-01-01-15.mp4,Actor_15,3.34,71.9,47.2,0.0,0.2103,117.8306,129.6,31.2,0.0,54.67,67.2,4.85,43.48
01-01-01-01-01-02-15.mp4,Actor_15,3.4,70.5,150.0,0.0,0.2113,119.171,132.7,16.0,0.0,0.0,35.9,4.35,12.08
01-01-01-01-02-01-15.mp4,Actor_15,3.4,70.5,100.1,0.0,0.2111,124.4659,133.6,23.8,0.0,0.0,46.1,4.45,15.16
01-01-01-01-02-02-15.mp4,Actor_15,3.37,71.2,150.0,0.0,0.2101,125.8378,113.4,34.7,0.0,0.0,70.9,4.95,22.75
01-01-02-01-01-01-15.mp4,Actor_15,3.54,67.9,150.0,16.96,0.2178,134.3129,125.9,19.9,16.96,0.0,40.0,10.97,15.29
01-01-02-01-01-02-15.mp4,Actor_15,3.54,67.9,118.0,0.0,0.2147,128.2536,121.5,36.2,0.0,0.0,80.0,2.65,24.8
01-01-02-01-02-01-15.mp4,Actor_15,3.7,64.8,45.0,48.6,0.2187,134.9844,127.4,16.2,48.6,58.33,30.0,60.65,50.53
01-01-02-01-02-02-15.mp4,Actor_15,3.54,101.8,66.7,16.96,0.2185,146.0557,122.0,14.5,16.96,22.17,39.1,10.62,23.78
01-01-02-02-01-01-15.mp4,Actor_15,3.64,66.0,150.0,16.5,0.216,132.4451,128.3,18.2,16.5,0.0,42.0,10.33,15.7
01-01-02-02-01-02-15.mp4,Actor_15,3.77,63.7,150.0,15.91,0.2169,129.3165,112.3,25.5,15.91,0.0,45.1,7.92,15.9
01-01-01-01-01-01-16.mp4,Actor_16,3.74,96.3,57.8,48.17,0.1947,120.7217,177.5,28.6,48.17,37.0,54.7,72.65,53.01
01-01-01-01-01-02-16.mp4,Actor_16,3.74,80.3,100.1,64.22,0.1948,123.6229,193.9,26.3,64.22,0.0,50.5,72.6,36.93
01-01-01-01-02-01-16.mp4,Actor_16,3.6,83.3,66.7,49.95,0.1933,134.2242,168.7,65.2,49.95,22.17,93.3,73.35,58.86
01-01-01-01-02-02-16.mp4,Actor_16,3.57,100.8,85.1,67.22,0.1955,125.4474,194.5,33.6,67.22,0.0,72.4,72.25,43.4
01-01-02-01-01-01-16.mp4,Actor_16,3.7,129.6,52.8,32.4,0.1967,118.734,183.2,23.2,32.4,45.33,38.7,71.65,51.24
01-01-02-01-01-02-16.mp4,Actor_16,3.87,124.0,64.6,93.01,0.1958,136.846,198.5,39.1,93.01,25.67,75.2,72.1,54.46
01-01-02-01-02-01-16.mp4,Actor_16,3.8,78.9,79.4,63.09,0.1926,127.2518,183.9,30.3,63.09,1.0,58.7,73.7,40.12
01-01-02-01-02-02-16.mp4,Actor_16,3.67,114.4,72.1,32.69,0.1889,146.6599,179.2,29.7,32.69,13.17,63.0,75.55,46.83
01-01-02-02-01-01-16.mp4,Actor_16,3.87,77.5,45.0,31.0,0.1973,129.4327,195.3,50.9,31.0,58.33,95.6,68.02,72.42
01-01-02-02-01-02-16.mp4,Actor_16,3.94,76.2,150.0,15.24,0.1975,121.5967,184.3,48.5,15.24,0.0,91.9,15.38,32.19
01-01-01-01-01-01-17.mp4,Actor_17,3.8,94.6,43.1,15.77,0.2012,90.397,100.3,21.8,15.77,61.5,41.8,15.3,41.73
01-01-01-01-01-02-17.mp4,Actor_17,3.47,69.2,66.7,34.58,0.2043,95.2613,109.9,12.0,34.58,22.17,28.9,67.85,37.89
01-01-01-01-02-01-17.mp4,Actor_17,3.47,69.2,66.7,17.29,0.1974,99.9564,110.0,12.6,17.29,22.17,31.1,22.27,24.88
01-01-01-01-02-02-17.mp4,Actor_17,3.44,69.8,66.7,17.46,0.2023,88.6704,497.6,656.3,17.46,22.17,88.7,20.38,41.59
01-01-02-01-01-01-17.mp4,Actor_17,3.47,138.3,69.5,17.29,0.2053,112.9499,116.9,23.0,17.29,17.5,44.8,18.32,25.93
01-01-02-01-01-02-17.mp4,Actor_17,3.5,137.0,27.2,0.0,0.2059,106.6076,102.3,34.3,0.0,88.0,71.9,7.05,58.89
01-01-02-01-02-01-17.mp4,Actor_17,3.7,129.6,85.1,48.6,0.2111,104.6717,97.7,29.7,48.6,0.0,60.5,64.45,37.48
01-01-02-01-02-02-17.mp4,Actor_17,3.74,112.4,88.3,16.06,0.2059,98.9863,113.4,21.9,16.06,0.0,48.6,13.92,18.75
01-01-02-02-01-01-17.mp4,Actor_17,3.84,78.2,45.0,31.27,0.2055,95.0993,106.0,27.0,31.27,58.33,58.6,64.82,60.36
01-01-02-02-01-02-17.mp4,Actor_17,3.57,100.8,150.0,33.61,0.2054,88.3012,96.6,21.5,33.61,0.0,41.1,67.3,32.52
01-01-01-01-01-01-18.mp4,Actor_18,3.47,86.5,45.0,17.29,0.2228,107.5729,177.4,8.0,17.29,58.33,12.2,10.97,30.28
01-01-01-01-01-02-18.mp4,Actor_18,3.54,84.8,118.0,50.89,0.2197,110.4491,178.0,11.1,50.89,0.0,9.9,60.15,21.01
01-01-01-01-02-01-18.mp4,Actor_18,3.47,121.0,66.7,0.0,0.2241,108.0264,182.0,19.4,0.0,22.17,21.5,0.0,15.32
01-01-01-01-02-02-18.mp4,Actor_18,3.47,69.2,127.1,34.58,0.2227,99.0768,173.2,13.1,34.58,0.0,9.2,60.0,20.76
01-01-02-01-01-01-18.mp4,Actor_18,3.47,86.5,85.1,51.87,0.2148,103.248,192.9,26.8,51.87,0.0,39.8,62.6,30.72
01-01-02-01-01-02-18.mp4,Actor_18,3.4,88.1,150.0,17.63,0.2176,102.933,173.3,35.9,17.63,0.0,56.7,13.3,21.0
01-01-02-01-02-01-18.mp4,Actor_18,3.64,66.0,150.0,49.49,0.2143,109.3318,189.8,29.3,49.49,0.0,39.4,62.85,30.67
01-01-02-01-02-02-18.mp4,Actor_18,3.5,119.9,81.7,68.5,0.2136,105.053,183.4,28.0,68.5,0.0,37.6,63.2,30.24
01-01-02-02-01-01-18.mp4,Actor_18,3.6,50.0,66.7,16.65,0.2111,113.4126,190.7,20.6,16.65,22.17,24.5,13.28,20.2
01-01-02-02-01-02-18.mp4,Actor_18,3.6,66.6,100.1,33.3,0.2121,111.8302,179.3,23.0,33.3,0.0,25.7,63.95,26.89
01-01-01-01-01-01-19.mp4,Actor_19,3.34,89.9,150.0,35.96,0.2196,120.1452,120.3,12.8,35.96,0.0,26.0,60.2,25.86
01-01-01-01-01-02-19.mp4,Actor_19,3.2,93.7,74.6,0.0,0.2175,115.752,126.5,22.4,0.0,9.0,42.7,1.25,16.79
01-01-01-01-02-01-19.mp4,Actor_19,3.3,109.0,74.6,36.33,0.2198,125.7616,119.1,14.7,36.33,9.0,35.1,60.1,32.16
01-01-01-01-02-02-19.mp4,Actor_19,3.27,110.1,88.3,18.35,0.2203,120.2164,121.7,22.5,18.35,0.0,48.8,14.5,18.99
01-01-02-01-01-01-19.mp4,Actor_19,3.64,82.5,23.6,49.49,0.2118,127.8543,126.4,44.1,49.49,94.0,91.7,64.1,84.34
01-01-02-01-01-02-19.mp4,Actor_19,3.64,132.0,38.5,32.99,0.217,122.4484,117.7,32.1,32.99,69.17,64.1,61.5,65.35
01-01-02-01-02-01-19.mp4,Actor_19,3.3,109.0,98.2,54.49,0.2137,122.8169,125.0,23.8,54.49,0.0,56.1,63.15,35.77
01-01-02-01-02-02-19.mp4,Actor_19,3.44,122.2,150.0,69.83,0.2077,129.5797,124.6,46.8,69.83,0.0,92.7,66.15,47.66
01-01-02-02-01-01-19.mp4,Actor_19,4.44,94.6,57.8,27.04,0.2075,121.918,149.2,30.5,27.04,37.0,60.4,49.72,47.84
01-01-02-02-01-02-19.mp4,Actor_19,4.0,89.9,69.5,44.96,0.2071,148.8307,125.3,12.4,44.96,17.5,33.7,66.45,37.05
01-01-01-01-01-01-20.mp4,Actor_20,3.47,69.2,45.0,17.29,0.1955,141.1503,191.4,74.9,17.29,58.33,85.5,23.22,55.95
01-01-01-01-01-02-20.mp4,Actor_20,3.57,117.6,85.1,16.81,0.1977,136.9781,214.0,85.7,16.81,0.0,93.9,20.52,34.33
01-01-01-01-02-01-20.mp4,Actor_20,3.44,87.3,100.1,17.46,0.1963,135.031,172.3,86.4,17.46,0.0,85.8,23.38,32.75
01-01-01-01-02-02-20.mp4,Actor_20,3.54,84.8,52.8,16.96,0.198,134.6505,247.8,40.9,16.96,45.33,83.7,20.87,49.5
01-01-02-01-01-01-20.mp4,Actor_20,3.64,66.0,150.0,16.5,0.1943,123.374,209.4,19.5,16.5,0.0,34.7,21.18,16.77
01-01-02-01-01-02-20.mp4,Actor_20,3.57,100.8,100.1,33.61,0.191,146.0762,219.1,31.5,33.61,0.0,50.7,74.5,37.56
01-01-02-01-02-01-20.mp4,Actor_20,3.34,71.9,150.0,35.96,0.1913,123.9651,206.6,49.9,35.96,0.0,92.1,74.35,49.94
01-01-02-01-02-02-20.mp4,Actor_20,3.5,68.5,133.5,68.5,0.187,148.2471,211.9,20.8,68.5,0.0,34.6,76.5,33.33
01-01-02-02-01-01-20.mp4,Actor_20,3.87,77.5,45.0,15.5,0.1833,103.3897,186.4,65.3,15.5,58.33,73.0,23.35,52.24
01-01-02-02-01-02-20.mp4,Actor_20,4.07,73.7,150.0,44.22,0.1854,110.7514,157.6,57.3,44.22,0.0,80.2,77.3,47.25
01-01-01-01-01-01-21.mp4,Actor_21,3.84,109.5,95.8,0.0,0.2112,121.2924,91.9,15.1,0.0,0.0,31.3,4.4,10.71
01-01-01-01-01-02-21.mp4,Actor_21,3.97,120.9,47.2,0.0,0.2117,114.7713,91.3,14.0,0.0,54.67,30.4,4.15,32.23
01-01-01-01-02-01-21.mp4,Actor_21,3.6,133.2,60.9,0.0,0.2125,109.6173,96.2,10.7,0.0,31.83,29.4,3.75,22.68
01-01-01-01-02-02-21.mp4,Actor_21,3.67,98.1,80.0,0.0,0.2117,110.5368,93.1,12.8,0.0,0.0,29.2,4.15,10.01
01-01-02-01-01-01-21.mp4,Actor_21,4.04,118.9,121.2,0.0,0.2124,107.2584,92.3,14.8,0.0,0.0,29.3,3.8,9.93
01-01-02-01-01-02-21.mp4,Actor_21,4.0,59.9,150.0,0.0,0.2136,106.2125,92.5,10.9,0.0,0.0,34.5,3.2,11.31
01-01-02-01-02-01-21.mp4,Actor_21,3.8,126.2,68.8,15.77,0.2098,110.745,89.0,15.8,15.77,18.67,35.3,11.0,21.36
01-01-02-01-02-02-21.mp4,Actor_21,4.07,117.9,68.8,0.0,0.211,110.892,86.5,13.3,0.0,18.67,29.1,4.5,17.55
01-01-02-02-01-01-21.mp4,Actor_21,4.0,104.9,150.0,0.0,0.2113,104.4467,96.7,13.2,0.0,0.0,35.6,4.35,11.99
01-01-02-02-01-02-21.mp4,Actor_21,4.17,115.1,70.8,0.0,0.2123,95.834,93.5,11.7,0.0,15.33,35.4,3.85,17.91
01-01-01-01-01-01-22.mp4,Actor_22,3.64,66.0,100.1,32.99,0.1896,102.6342,376.1,518.3,32.99,0.0,98.4,75.2,52.08
01-01-01-01-01-02-22.mp4,Actor_22,3.44,139.7,66.7,34.92,0.1901,111.162,184.6,44.2,34.92,22.17,98.4,74.95,60.87
01-01-01-01-02-01-22.mp4,Actor_22,3.6,149.9,79.4,49.95,0.1931,108.3962,186.1,46.0,49.95,1.0,98.8,73.45,52.07
01-01-01-01-02-02-22.mp4,Actor_22,3.54,118.7,47.2,33.93,0.1906,107.0212,410.7,526.8,33.93,54.67,100.0,74.7,74.28
01-01-02-01-01-01-22.mp4,Actor_22,3.54,67.9,52.8,84.82,0.1908,104.3071,173.4,46.5,84.82,45.33,100.0,74.6,70.51
01-01-02-01-01-02-22.mp4,Actor_22,3.54,84.8,150.0,33.93,0.1921,106.788,423.0,569.1,33.93,0.0,97.5,73.95,51.44
01-01-02-01-02-01-22.mp4,Actor_22,3.57,50.4,150.0,151.25,0.1956,105.8543,175.9,54.5,151.25,0.0,100.0,72.2,51.66
01-01-02-01-02-02-22.mp4,Actor_22,3.54,67.9,45.0,135.71,0.1924,103.9879,439.2,573.5,135.71,58.33,100.0,73.8,75.47
01-01-02-02-01-01-22.mp4,Actor_22,3.7,48.6,33.4,81.0,0.1912,98.3664,185.0,30.8,81.0,77.67,71.7,74.4,74.9
01-01-02-02-01-02-22.mp4,Actor_22,3.84,78.2,114.4,15.64,0.1903,104.7233,157.3,59.0,15.64,0.0,100.0,20.32,36.1
01-01-01-01-01-01-23.mp4,Actor_23,3.8,110.4,95.8,31.55,0.1992,133.1233,140.0,31.5,31.55,0.0,62.6,68.9,39.45
01-01-01-01-01-02-23.mp4,Actor_23,3.74,96.3,100.1,32.11,0.1976,127.5803,144.2,28.7,32.11,0.0,60.2,71.2,39.42
01-01-01-01-02-01-23.mp4,Actor_23,3.67,98.1,150.0,32.69,0.2001,129.9374,143.5,31.9,32.69,0.0,62.9,69.95,39.85
01-01-01-01-02-02-23.mp4,Actor_23,3.84,93.8,47.2,31.27,0.1999,127.3337,145.6,30.7,31.27,54.67,57.1,67.62,59.28
01-01-02-01-01-01-23.mp4,Actor_23,3.97,105.8,150.0,30.22,0.2019,118.9569,130.3,22.9,30.22,0.0,40.9,63.12,31.21
01-01-02-01-01-02-23.mp4,Actor_23,4.07,103.2,60.9,29.48,0.2013,117.591,131.3,25.9,29.48,31.83,49.1,60.95,45.75
01-01-02-01-02-01-23.mp4,Actor_23,4.17,129.5,80.4,28.77,0.2012,121.705,137.9,31.8,28.77,0.0,52.3,58.63,33.28
01-01-02-01-02-02-23.mp4,Actor_23,4.0,119.9,50.0,29.97,0.2002,119.5883,126.0,32.0,29.97,50.0,58.6,63.13,56.52
01-01-02-02-01-01-23.mp4,Actor_23,4.6,117.3,74.6,65.15,0.1974,113.749,141.0,27.8,65.15,9.0,48.7,71.3,39.6
01-01-02-02-01-02-23.mp4,Actor_23,4.6,104.2,100.1,39.09,0.1987,113.8177,137.7,22.9,39.09,0.0,38.2,70.65,32.66
01-01-01-01-01-01-24.mp4,Actor_24,3.7,81.0,94.4,0.0,0.2182,99.0917,223.3,22.9,0.0,0.0,37.9,0.9,11.64
01-01-01-01-01-02-24.mp4,Actor_24,3.64,66.0,33.4,0.0,0.2177,106.5713,228.5,22.8,0.0,77.67,44.6,1.15,44.79
01-01-01-01-02-01-24.mp4,Actor_24,3.64,82.5,66.7,0.0,0.217,104.9178,235.2,27.9,0.0,22.17,52.6,1.5,25.1
01-01-01-01-02-02-24.mp4,Actor_24,3.6,83.3,100.1,0.0,0.2184,104.4786,229.1,26.9,0.0,0.0,54.8,0.8,16.68
01-01-02-01-01-01-24.mp4,Actor_24,3.57,117.6,70.8,16.81,0.2118,96.0393,231.1,43.2,16.81,15.33,90.1,13.47,37.2
01-01-02-01-01-02-24.mp4,Actor_24,3.5,85.6,66.7,17.13,0.2111,93.5896,231.4,32.0,17.13,22.17,60.4,14.88,31.45
01-01-02-01-02-01-24.mp4,Actor_24,3.87,77.5,52.8,0.0,0.2115,105.0814,216.4,7.6,0.0,45.33,40.0,4.25,31.41
01-01-02-01-02-02-24.mp4,Actor_24,3.7,81.0,23.6,0.0,0.2099,90.5147,480.4,648.2,0.0,94.0,100.0,5.05,69.11
01-01-02-02-01-01-24.mp4,Actor_24,4.1,87.7,118.0,14.62,0.2063,114.1387,222.5,29.5,14.62,0.0,65.1,8.92,22.2
01-01-02-02-01-02-24.mp4,Actor_24,4.07,59.0,66.7,14.74,0.2008,112.6497,233.0,30.0,14.74,22.17,56.9,12.07,29.56
